--
-- PostgreSQL database dump
--

-- Dumped from database version 17.4
-- Dumped by pg_dump version 17.4

-- Started on 2026-05-06 22:14:25

SET statement_timeout = 0;

SET lock_timeout = 0;

SET idle_in_transaction_session_timeout = 0;

SET transaction_timeout = 0;

SET client_encoding = 'UTF8';

SET standard_conforming_strings = on;

SELECT pg_catalog.set_config ('search_path', '', false);

SET check_function_bodies = false;

SET xmloption = content;

SET client_min_messages = warning;

SET row_security = off;

SET default_tablespace = '';

SET default_table_access_method = heap;

--
-- TOC entry 222 (class 1259 OID 21219)
-- Name: bookmarks; Type: TABLE; Schema: public; Owner: postgres
--

CREATE TABLE public.bookmarks (
    user_id uuid NOT NULL,
    cafe_id uuid NOT NULL,
    created_at timestamp with time zone DEFAULT CURRENT_TIMESTAMP
);

ALTER TABLE public.bookmarks OWNER TO postgres;

--
-- TOC entry 219 (class 1259 OID 21170)
-- Name: cafe_images; Type: TABLE; Schema: public; Owner: postgres
--

CREATE TABLE public.cafe_images (
    id uuid DEFAULT gen_random_uuid () NOT NULL,
    cafe_id uuid NOT NULL,
    image_url text NOT NULL,
    uploaded_at timestamp with time zone DEFAULT CURRENT_TIMESTAMP
);

ALTER TABLE public.cafe_images OWNER TO postgres;

--
-- TOC entry 218 (class 1259 OID 21153)
-- Name: cafes; Type: TABLE; Schema: public; Owner: postgres
--

CREATE TABLE public.cafes (
    id uuid DEFAULT gen_random_uuid () NOT NULL,
    owner_id uuid NOT NULL,
    name character varying(255) NOT NULL,
    description text,
    address character varying(255) NOT NULL,
    latitude numeric(10, 8),
    longitude numeric(11, 8),
    open_hours character varying(100),
    phone character varying(20),
    seat_status character varying(20) DEFAULT 'AVAILABLE'::character varying,
    crowd_status character varying(100),
    created_at timestamp with time zone DEFAULT CURRENT_TIMESTAMP,
    updated_at timestamp with time zone DEFAULT CURRENT_TIMESTAMP,
    CONSTRAINT cafes_seat_status_check CHECK (
        (
            (seat_status)::text = ANY (
                (
                    ARRAY[
                        'AVAILABLE'::character varying,
                        'ALMOST_FULL'::character varying,
                        'FULL'::character varying
                    ]
                )::text []
            )
        )
    )
);

ALTER TABLE public.cafes OWNER TO postgres;

--
-- TOC entry 220 (class 1259 OID 21184)
-- Name: coupons; Type: TABLE; Schema: public; Owner: postgres
--

CREATE TABLE public.coupons (
    id uuid DEFAULT gen_random_uuid () NOT NULL,
    cafe_id uuid NOT NULL,
    code character varying(50) NOT NULL,
    description text,
    discount_value numeric(10, 2),
    valid_from timestamp with time zone NOT NULL,
    valid_to timestamp with time zone NOT NULL,
    created_at timestamp with time zone DEFAULT CURRENT_TIMESTAMP
);

ALTER TABLE public.coupons OWNER TO postgres;

--
-- TOC entry 224 (class 1259 OID 21249)
-- Name: otps; Type: TABLE; Schema: public; Owner: postgres
--

CREATE TABLE public.otps (
    id uuid DEFAULT gen_random_uuid () NOT NULL,
    email character varying(255) NOT NULL,
    otp_code character varying(6) NOT NULL,
    expires_at timestamp with time zone NOT NULL,
    is_used boolean DEFAULT false,
    created_at timestamp with time zone DEFAULT CURRENT_TIMESTAMP
);

ALTER TABLE public.otps OWNER TO postgres;

--
-- TOC entry 221 (class 1259 OID 21198)
-- Name: reviews; Type: TABLE; Schema: public; Owner: postgres
--

CREATE TABLE public.reviews (
    id uuid DEFAULT gen_random_uuid () NOT NULL,
    user_id uuid NOT NULL,
    cafe_id uuid NOT NULL,
    rating integer NOT NULL,
    content text,
    language character varying(10),
    created_at timestamp with time zone DEFAULT CURRENT_TIMESTAMP,
    CONSTRAINT reviews_language_check CHECK (
        (
            (language)::text = ANY (
                (
                    ARRAY[
                        'JA'::character varying,
                        'EN'::character varying
                    ]
                )::text []
            )
        )
    ),
    CONSTRAINT reviews_rating_check CHECK (
        (
            (rating >= 1)
            AND (rating <= 5)
        )
    )
);

ALTER TABLE public.reviews OWNER TO postgres;

--
-- TOC entry 223 (class 1259 OID 21235)
-- Name: search_histories; Type: TABLE; Schema: public; Owner: postgres
--

CREATE TABLE public.search_histories (
    id uuid DEFAULT gen_random_uuid () NOT NULL,
    user_id uuid NOT NULL,
    search_query character varying(255),
    filters jsonb,
    created_at timestamp with time zone DEFAULT CURRENT_TIMESTAMP
);

ALTER TABLE public.search_histories OWNER TO postgres;

--
-- TOC entry 217 (class 1259 OID 21140)
-- Name: users; Type: TABLE; Schema: public; Owner: postgres
--

CREATE TABLE public.users (
    id uuid DEFAULT gen_random_uuid () NOT NULL,
    email character varying(255) NOT NULL,
    password_hash character varying(255) NOT NULL,
    full_name character varying(255) NOT NULL,
    role character varying(20) NOT NULL,
    created_at timestamp with time zone DEFAULT CURRENT_TIMESTAMP,
    updated_at timestamp with time zone DEFAULT CURRENT_TIMESTAMP,
    CONSTRAINT users_role_check CHECK (
        (
            (role)::text = ANY (
                (
                    ARRAY[
                        'USER'::character varying,
                        'OWNER'::character varying
                    ]
                )::text []
            )
        )
    )
);

ALTER TABLE public.users OWNER TO postgres;

--
-- TOC entry 4867 (class 0 OID 21219)
-- Dependencies: 222
-- Data for Name: bookmarks; Type: TABLE DATA; Schema: public; Owner: postgres
--


COPY public.bookmarks (user_id, cafe_id, created_at) FROM stdin;
20000000-0000-0000-0000-000000000001	30000000-0000-0000-0000-000000000002	2026-05-06 22:07:05.238232+07
20000000-0000-0000-0000-000000000002	30000000-0000-0000-0000-000000000003	2026-05-06 22:07:05.238232+07
20000000-0000-0000-0000-000000000003	30000000-0000-0000-0000-000000000004	2026-05-06 22:07:05.238232+07
20000000-0000-0000-0000-000000000004	30000000-0000-0000-0000-000000000005	2026-05-06 22:07:05.238232+07
20000000-0000-0000-0000-000000000005	30000000-0000-0000-0000-000000000006	2026-05-06 22:07:05.238232+07
20000000-0000-0000-0000-000000000006	30000000-0000-0000-0000-000000000007	2026-05-06 22:07:05.238232+07
20000000-0000-0000-0000-000000000007	30000000-0000-0000-0000-000000000008	2026-05-06 22:07:05.238232+07
20000000-0000-0000-0000-000000000008	30000000-0000-0000-0000-000000000009	2026-05-06 22:07:05.238232+07
20000000-0000-0000-0000-000000000009	30000000-0000-0000-0000-000000000010	2026-05-06 22:07:05.238232+07
20000000-0000-0000-0000-000000000010	30000000-0000-0000-0000-000000000001	2026-05-06 22:07:05.238232+07
20000000-0000-0000-0000-000000000011	30000000-0000-0000-0000-000000000002	2026-05-06 22:07:05.238232+07
20000000-0000-0000-0000-000000000012	30000000-0000-0000-0000-000000000003	2026-05-06 22:07:05.238232+07
20000000-0000-0000-0000-000000000013	30000000-0000-0000-0000-000000000004	2026-05-06 22:07:05.238232+07
20000000-0000-0000-0000-000000000014	30000000-0000-0000-0000-000000000005	2026-05-06 22:07:05.238232+07
20000000-0000-0000-0000-000000000015	30000000-0000-0000-0000-000000000006	2026-05-06 22:07:05.238232+07
20000000-0000-0000-0000-000000000016	30000000-0000-0000-0000-000000000007	2026-05-06 22:07:05.238232+07
20000000-0000-0000-0000-000000000017	30000000-0000-0000-0000-000000000008	2026-05-06 22:07:05.238232+07
20000000-0000-0000-0000-000000000018	30000000-0000-0000-0000-000000000009	2026-05-06 22:07:05.238232+07
20000000-0000-0000-0000-000000000019	30000000-0000-0000-0000-000000000010	2026-05-06 22:07:05.238232+07
20000000-0000-0000-0000-000000000020	30000000-0000-0000-0000-000000000001	2026-05-06 22:07:05.238232+07
20000000-0000-0000-0000-000000000021	30000000-0000-0000-0000-000000000002	2026-05-06 22:07:05.238232+07
20000000-0000-0000-0000-000000000022	30000000-0000-0000-0000-000000000003	2026-05-06 22:07:05.238232+07
20000000-0000-0000-0000-000000000023	30000000-0000-0000-0000-000000000004	2026-05-06 22:07:05.238232+07
20000000-0000-0000-0000-000000000024	30000000-0000-0000-0000-000000000005	2026-05-06 22:07:05.238232+07
20000000-0000-0000-0000-000000000025	30000000-0000-0000-0000-000000000006	2026-05-06 22:07:05.238232+07
20000000-0000-0000-0000-000000000026	30000000-0000-0000-0000-000000000007	2026-05-06 22:07:05.238232+07
20000000-0000-0000-0000-000000000027	30000000-0000-0000-0000-000000000008	2026-05-06 22:07:05.238232+07
20000000-0000-0000-0000-000000000028	30000000-0000-0000-0000-000000000009	2026-05-06 22:07:05.238232+07
20000000-0000-0000-0000-000000000029	30000000-0000-0000-0000-000000000010	2026-05-06 22:07:05.238232+07
20000000-0000-0000-0000-000000000030	30000000-0000-0000-0000-000000000001	2026-05-06 22:07:05.238232+07
20000000-0000-0000-0000-000000000031	30000000-0000-0000-0000-000000000002	2026-05-06 22:07:05.238232+07
20000000-0000-0000-0000-000000000032	30000000-0000-0000-0000-000000000003	2026-05-06 22:07:05.238232+07
20000000-0000-0000-0000-000000000033	30000000-0000-0000-0000-000000000004	2026-05-06 22:07:05.238232+07
20000000-0000-0000-0000-000000000034	30000000-0000-0000-0000-000000000005	2026-05-06 22:07:05.238232+07
20000000-0000-0000-0000-000000000035	30000000-0000-0000-0000-000000000006	2026-05-06 22:07:05.238232+07
20000000-0000-0000-0000-000000000036	30000000-0000-0000-0000-000000000007	2026-05-06 22:07:05.238232+07
20000000-0000-0000-0000-000000000037	30000000-0000-0000-0000-000000000008	2026-05-06 22:07:05.238232+07
20000000-0000-0000-0000-000000000038	30000000-0000-0000-0000-000000000009	2026-05-06 22:07:05.238232+07
20000000-0000-0000-0000-000000000039	30000000-0000-0000-0000-000000000010	2026-05-06 22:07:05.238232+07
20000000-0000-0000-0000-000000000040	30000000-0000-0000-0000-000000000001	2026-05-06 22:07:05.238232+07
20000000-0000-0000-0000-000000000041	30000000-0000-0000-0000-000000000002	2026-05-06 22:07:05.238232+07
20000000-0000-0000-0000-000000000042	30000000-0000-0000-0000-000000000003	2026-05-06 22:07:05.238232+07
20000000-0000-0000-0000-000000000043	30000000-0000-0000-0000-000000000004	2026-05-06 22:07:05.238232+07
20000000-0000-0000-0000-000000000044	30000000-0000-0000-0000-000000000005	2026-05-06 22:07:05.238232+07
20000000-0000-0000-0000-000000000045	30000000-0000-0000-0000-000000000006	2026-05-06 22:07:05.238232+07
20000000-0000-0000-0000-000000000046	30000000-0000-0000-0000-000000000007	2026-05-06 22:07:05.238232+07
20000000-0000-0000-0000-000000000047	30000000-0000-0000-0000-000000000008	2026-05-06 22:07:05.238232+07
20000000-0000-0000-0000-000000000048	30000000-0000-0000-0000-000000000009	2026-05-06 22:07:05.238232+07
20000000-0000-0000-0000-000000000049	30000000-0000-0000-0000-000000000010	2026-05-06 22:07:05.238232+07
20000000-0000-0000-0000-000000000050	30000000-0000-0000-0000-000000000001	2026-05-06 22:07:05.238232+07
\.

--
-- TOC entry 4864 (class 0 OID 21170)
-- Dependencies: 219
-- Data for Name: cafe_images; Type: TABLE DATA; Schema: public; Owner: postgres
--


COPY public.cafe_images (id, cafe_id, image_url, uploaded_at) FROM stdin;
40377b8d-2d80-4ff4-a693-d13e1b659aec	30000000-0000-0000-0000-000000000002	https://example.com/images/cafe_2_photo_1.jpg	2026-05-06 22:07:05.238232+07
f2389a09-7f59-48aa-acc9-720b8a99a7ba	30000000-0000-0000-0000-000000000003	https://example.com/images/cafe_3_photo_2.jpg	2026-05-06 22:07:05.238232+07
e2afa789-22d6-4cc0-be7d-809b8ce1269e	30000000-0000-0000-0000-000000000004	https://example.com/images/cafe_4_photo_3.jpg	2026-05-06 22:07:05.238232+07
4218ae6b-600c-4c27-a349-85456c3506ae	30000000-0000-0000-0000-000000000005	https://example.com/images/cafe_5_photo_4.jpg	2026-05-06 22:07:05.238232+07
3469faa1-1ab6-4c29-b3a6-529ecc1d424a	30000000-0000-0000-0000-000000000006	https://example.com/images/cafe_6_photo_5.jpg	2026-05-06 22:07:05.238232+07
61b26205-0bcf-445f-b7b9-584b168ec214	30000000-0000-0000-0000-000000000007	https://example.com/images/cafe_7_photo_6.jpg	2026-05-06 22:07:05.238232+07
85882848-28e1-49f8-b474-3a980c793d18	30000000-0000-0000-0000-000000000008	https://example.com/images/cafe_8_photo_7.jpg	2026-05-06 22:07:05.238232+07
b82b7ccb-fe9a-4bb4-ada3-5e6600833491	30000000-0000-0000-0000-000000000009	https://example.com/images/cafe_9_photo_8.jpg	2026-05-06 22:07:05.238232+07
bc105f6e-88f7-4ff4-8b6b-4ce45aaacf24	30000000-0000-0000-0000-000000000010	https://example.com/images/cafe_10_photo_9.jpg	2026-05-06 22:07:05.238232+07
796be4b8-763c-4ed1-b802-184cf187da36	30000000-0000-0000-0000-000000000001	https://example.com/images/cafe_1_photo_10.jpg	2026-05-06 22:07:05.238232+07
e0d2907d-9bd0-48e8-a650-8acdfb007778	30000000-0000-0000-0000-000000000002	https://example.com/images/cafe_2_photo_11.jpg	2026-05-06 22:07:05.238232+07
f428312f-776f-4bba-9e2b-029491afd414	30000000-0000-0000-0000-000000000003	https://example.com/images/cafe_3_photo_12.jpg	2026-05-06 22:07:05.238232+07
94922417-3ce1-4282-9893-b126bdf32541	30000000-0000-0000-0000-000000000004	https://example.com/images/cafe_4_photo_13.jpg	2026-05-06 22:07:05.238232+07
1d32d928-ab8b-48f0-abb3-67d6495b69ca	30000000-0000-0000-0000-000000000005	https://example.com/images/cafe_5_photo_14.jpg	2026-05-06 22:07:05.238232+07
a17de2db-a1c2-4543-8792-5f8edf81fa05	30000000-0000-0000-0000-000000000006	https://example.com/images/cafe_6_photo_15.jpg	2026-05-06 22:07:05.238232+07
6a263d04-3231-4090-9f08-12b0cea80245	30000000-0000-0000-0000-000000000007	https://example.com/images/cafe_7_photo_16.jpg	2026-05-06 22:07:05.238232+07
77605b24-022c-4c2f-a918-68b821935de0	30000000-0000-0000-0000-000000000008	https://example.com/images/cafe_8_photo_17.jpg	2026-05-06 22:07:05.238232+07
ac0bb2c0-2885-4a36-a4df-847b620aac4e	30000000-0000-0000-0000-000000000009	https://example.com/images/cafe_9_photo_18.jpg	2026-05-06 22:07:05.238232+07
680e2288-5553-465b-adf8-7d7bdeab5cdf	30000000-0000-0000-0000-000000000010	https://example.com/images/cafe_10_photo_19.jpg	2026-05-06 22:07:05.238232+07
6435a26a-3445-45cc-8d7b-8274d158b230	30000000-0000-0000-0000-000000000001	https://example.com/images/cafe_1_photo_20.jpg	2026-05-06 22:07:05.238232+07
e0232c64-cbae-4f86-aaf9-ca33392fac93	30000000-0000-0000-0000-000000000002	https://example.com/images/cafe_2_photo_21.jpg	2026-05-06 22:07:05.238232+07
b28d7345-ea60-44e7-a98c-87fe86fcf902	30000000-0000-0000-0000-000000000003	https://example.com/images/cafe_3_photo_22.jpg	2026-05-06 22:07:05.238232+07
1374ace0-52a3-4009-b14b-2e599eeae578	30000000-0000-0000-0000-000000000004	https://example.com/images/cafe_4_photo_23.jpg	2026-05-06 22:07:05.238232+07
4c9cd2bb-be9b-4fec-bb2f-aa56c172807b	30000000-0000-0000-0000-000000000005	https://example.com/images/cafe_5_photo_24.jpg	2026-05-06 22:07:05.238232+07
4f3783d9-a573-4b28-b47f-7f37c3de4e68	30000000-0000-0000-0000-000000000006	https://example.com/images/cafe_6_photo_25.jpg	2026-05-06 22:07:05.238232+07
6d105775-5a42-4c99-a999-feb1a36d6f2a	30000000-0000-0000-0000-000000000007	https://example.com/images/cafe_7_photo_26.jpg	2026-05-06 22:07:05.238232+07
e5c4e70b-3553-48fd-9895-aa60506ca65c	30000000-0000-0000-0000-000000000008	https://example.com/images/cafe_8_photo_27.jpg	2026-05-06 22:07:05.238232+07
52f03e50-334f-4902-84fc-63d756fdaf8a	30000000-0000-0000-0000-000000000009	https://example.com/images/cafe_9_photo_28.jpg	2026-05-06 22:07:05.238232+07
e7e9cd49-3289-4198-99f5-60b91ff1c89c	30000000-0000-0000-0000-000000000010	https://example.com/images/cafe_10_photo_29.jpg	2026-05-06 22:07:05.238232+07
d9f30ee3-4c54-42f2-b50a-779ef23be076	30000000-0000-0000-0000-000000000001	https://example.com/images/cafe_1_photo_30.jpg	2026-05-06 22:07:05.238232+07
22c0f63a-92b3-46da-832e-2e8e08ca591b	30000000-0000-0000-0000-000000000002	https://example.com/images/cafe_2_photo_31.jpg	2026-05-06 22:07:05.238232+07
18176e32-9869-40c7-8af2-97b58b470129	30000000-0000-0000-0000-000000000003	https://example.com/images/cafe_3_photo_32.jpg	2026-05-06 22:07:05.238232+07
866af6b4-66dc-4d5f-b6a8-0e6c5409b961	30000000-0000-0000-0000-000000000004	https://example.com/images/cafe_4_photo_33.jpg	2026-05-06 22:07:05.238232+07
c63274ac-47d3-42f8-aa80-9f42119c889b	30000000-0000-0000-0000-000000000005	https://example.com/images/cafe_5_photo_34.jpg	2026-05-06 22:07:05.238232+07
1782f123-3b3f-4a28-aad6-1bbe540d5d15	30000000-0000-0000-0000-000000000006	https://example.com/images/cafe_6_photo_35.jpg	2026-05-06 22:07:05.238232+07
c6055f10-a37e-48da-87a4-c73ef93ededc	30000000-0000-0000-0000-000000000007	https://example.com/images/cafe_7_photo_36.jpg	2026-05-06 22:07:05.238232+07
6a65f65b-6c71-4667-84d2-82e54d0e5548	30000000-0000-0000-0000-000000000008	https://example.com/images/cafe_8_photo_37.jpg	2026-05-06 22:07:05.238232+07
f4e19c27-eb6c-44eb-99ca-ad4809cb2780	30000000-0000-0000-0000-000000000009	https://example.com/images/cafe_9_photo_38.jpg	2026-05-06 22:07:05.238232+07
862bf345-cd1d-4e4e-aad8-bf463793dae4	30000000-0000-0000-0000-000000000010	https://example.com/images/cafe_10_photo_39.jpg	2026-05-06 22:07:05.238232+07
2c39f9eb-a691-4808-858f-ec5856422d0f	30000000-0000-0000-0000-000000000001	https://example.com/images/cafe_1_photo_40.jpg	2026-05-06 22:07:05.238232+07
4e7e3e3a-73ec-463d-bf55-bd90ba4757a1	30000000-0000-0000-0000-000000000002	https://example.com/images/cafe_2_photo_41.jpg	2026-05-06 22:07:05.238232+07
39954d04-cad9-4860-b2ac-e3c0bbe3f8e6	30000000-0000-0000-0000-000000000003	https://example.com/images/cafe_3_photo_42.jpg	2026-05-06 22:07:05.238232+07
da6130a2-1427-4dd9-8d2a-97035e409152	30000000-0000-0000-0000-000000000004	https://example.com/images/cafe_4_photo_43.jpg	2026-05-06 22:07:05.238232+07
907e5758-20c8-406c-9623-ba6356fcdf43	30000000-0000-0000-0000-000000000005	https://example.com/images/cafe_5_photo_44.jpg	2026-05-06 22:07:05.238232+07
d26a5de0-704b-44c7-bf1d-836d50017be7	30000000-0000-0000-0000-000000000006	https://example.com/images/cafe_6_photo_45.jpg	2026-05-06 22:07:05.238232+07
ec56e96f-866d-4bfe-9d70-fddb044c23ac	30000000-0000-0000-0000-000000000007	https://example.com/images/cafe_7_photo_46.jpg	2026-05-06 22:07:05.238232+07
70fa8d03-bc10-40aa-a66e-0c78b4e18d54	30000000-0000-0000-0000-000000000008	https://example.com/images/cafe_8_photo_47.jpg	2026-05-06 22:07:05.238232+07
7f9ba82f-ef98-4005-b7b2-edccf6668d11	30000000-0000-0000-0000-000000000009	https://example.com/images/cafe_9_photo_48.jpg	2026-05-06 22:07:05.238232+07
5cce0cac-e17d-4fd2-ba8f-513c742713cc	30000000-0000-0000-0000-000000000010	https://example.com/images/cafe_10_photo_49.jpg	2026-05-06 22:07:05.238232+07
dcbd6a08-d565-4bd5-a400-415391708c94	30000000-0000-0000-0000-000000000001	https://example.com/images/cafe_1_photo_50.jpg	2026-05-06 22:07:05.238232+07
\.

--
-- TOC entry 4863 (class 0 OID 21153)
-- Dependencies: 218
-- Data for Name: cafes; Type: TABLE DATA; Schema: public; Owner: postgres
--


COPY public.cafes (id, owner_id, name, description, address, latitude, longitude, open_hours, phone, seat_status, crowd_status, created_at, updated_at) FROM stdin;
30000000-0000-0000-0000-000000000001	10000000-0000-0000-0000-000000000001	Tranquil Books & Coffee	Không gian yên tĩnh, nhiều sách, phù hợp làm việc.	5 Nguyễn Quang Bích, Hoàn Kiếm, HN	21.03102300	105.84581400	08:00 - 22:00	0912345671	AVAILABLE	Vắng khách	2026-05-06 22:07:05.238232+07	2026-05-06 22:07:05.238232+07
30000000-0000-0000-0000-000000000002	10000000-0000-0000-0000-000000000002	The Coffee House	Bàn rộng, có ổ cắm, thích hợp họp nhóm.	23M Hai Bà Trưng, Hoàn Kiếm, HN	21.02511400	105.85215000	07:30 - 22:30	0912345672	ALMOST_FULL	Hơi đông	2026-05-06 22:07:05.238232+07	2026-05-06 22:07:05.238232+07
30000000-0000-0000-0000-000000000003	10000000-0000-0000-0000-000000000003	All Day Coffee	Phong cách châu Âu, ghế sofa êm.	37 Quang Trung, Hoàn Kiếm, HN	21.02235800	105.84964600	08:00 - 23:00	0912345673	AVAILABLE	Vắng khách	2026-05-06 22:07:05.238232+07	2026-05-06 22:07:05.238232+07
30000000-0000-0000-0000-000000000004	10000000-0000-0000-0000-000000000004	Blackbird Coffee	Cà phê đặc sản, nhạc nhẹ nhàng.	84 Thợ Nhuộm, Hoàn Kiếm, HN	21.02672500	105.84542600	07:30 - 21:00	0912345674	FULL	Đông đúc	2026-05-06 22:07:05.238232+07	2026-05-06 22:07:05.238232+07
30000000-0000-0000-0000-000000000005	10000000-0000-0000-0000-000000000005	Inward Coffee	Yên tĩnh tuyệt đối, thiết kế tối giản.	114 Phạm Văn Đồng, Cầu Giấy, HN	21.04752500	105.78215600	08:00 - 22:00	0912345675	AVAILABLE	Vắng khách	2026-05-06 22:07:05.238232+07	2026-05-06 22:07:05.238232+07
30000000-0000-0000-0000-000000000006	10000000-0000-0000-0000-000000000006	Loading T cafe	Nhà cổ thời Pháp, không gian hoài niệm.	8 Chân Cầm, Hoàn Kiếm, HN	21.02941600	105.84714400	08:00 - 22:00	0912345676	ALMOST_FULL	Hơi đông	2026-05-06 22:07:05.238232+07	2026-05-06 22:07:05.238232+07
30000000-0000-0000-0000-000000000007	10000000-0000-0000-0000-000000000007	Hanoi Roastery	Mùi cà phê rang xay thơm phức.	149 Nguyễn Thái Học, Ba Đình, HN	21.03112000	105.83351200	07:00 - 22:00	0912345677	AVAILABLE	Vắng khách	2026-05-06 22:07:05.238232+07	2026-05-06 22:07:05.238232+07
30000000-0000-0000-0000-000000000008	10000000-0000-0000-0000-000000000008	NeoCafe	Nhiều tiện ích công nghệ, order qua app.	35B Nguyễn Hữu Huân, Hoàn Kiếm, HN	21.03211500	105.85404500	08:00 - 22:00	0912345678	AVAILABLE	Vắng khách	2026-05-06 22:07:05.238232+07	2026-05-06 22:07:05.238232+07
30000000-0000-0000-0000-000000000009	10000000-0000-0000-0000-000000000009	Work Cafe Hanoi	Chuyên dụng cho làm việc, có phòng họp riêng.	Vincom Bà Triệu, Hai Bà Trưng, HN	21.01131100	105.84920200	09:00 - 22:00	0912345679	ALMOST_FULL	Hơi đông	2026-05-06 22:07:05.238232+07	2026-05-06 22:07:05.238232+07
30000000-0000-0000-0000-000000000010	10000000-0000-0000-0000-000000000010	Lofita Tea & Coffee	View ngắm phố phường đẹp, nhiều ánh sáng.	Phố Huế, Hai Bà Trưng, HN	21.01824400	105.85104800	08:00 - 22:00	0912345670	AVAILABLE	Vắng khách	2026-05-06 22:07:05.238232+07	2026-05-06 22:07:05.238232+07
\.

--
-- TOC entry 4865 (class 0 OID 21184)
-- Dependencies: 220
-- Data for Name: coupons; Type: TABLE DATA; Schema: public; Owner: postgres
--


COPY public.coupons (id, cafe_id, code, description, discount_value, valid_from, valid_to, created_at) FROM stdin;
496a535c-0825-4866-a47d-d8ebe0cf01c7	30000000-0000-0000-0000-000000000002	SALE001	Giảm giá 20000 VNĐ cho khách hàng	20000.00	2026-05-06 22:07:05.238232+07	2026-06-05 22:07:05.238232+07	2026-05-06 22:07:05.238232+07
89ae5318-5b8e-4504-a2c5-5ee298b572c3	30000000-0000-0000-0000-000000000003	SALE002	Giảm giá 30000 VNĐ cho khách hàng	30000.00	2026-05-06 22:07:05.238232+07	2026-06-05 22:07:05.238232+07	2026-05-06 22:07:05.238232+07
52d48d7d-b042-4619-9cb7-b6d324813b5f	30000000-0000-0000-0000-000000000004	SALE003	Giảm giá 40000 VNĐ cho khách hàng	40000.00	2026-05-06 22:07:05.238232+07	2026-06-05 22:07:05.238232+07	2026-05-06 22:07:05.238232+07
a8e9e525-9a03-46d9-806e-26a9998d77cd	30000000-0000-0000-0000-000000000005	SALE004	Giảm giá 50000 VNĐ cho khách hàng	50000.00	2026-05-06 22:07:05.238232+07	2026-06-05 22:07:05.238232+07	2026-05-06 22:07:05.238232+07
516c7995-8f13-4172-9e52-25a559db6263	30000000-0000-0000-0000-000000000006	SALE005	Giảm giá 10000 VNĐ cho khách hàng	10000.00	2026-05-06 22:07:05.238232+07	2026-06-05 22:07:05.238232+07	2026-05-06 22:07:05.238232+07
40aa9a09-e0ad-431b-996a-10c4912f913b	30000000-0000-0000-0000-000000000007	SALE006	Giảm giá 20000 VNĐ cho khách hàng	20000.00	2026-05-06 22:07:05.238232+07	2026-06-05 22:07:05.238232+07	2026-05-06 22:07:05.238232+07
3553f23d-ef6f-49a5-970a-bb2258e095a5	30000000-0000-0000-0000-000000000008	SALE007	Giảm giá 30000 VNĐ cho khách hàng	30000.00	2026-05-06 22:07:05.238232+07	2026-06-05 22:07:05.238232+07	2026-05-06 22:07:05.238232+07
0e22312e-5a90-4e0f-9e47-f3f6cbc23539	30000000-0000-0000-0000-000000000009	SALE008	Giảm giá 40000 VNĐ cho khách hàng	40000.00	2026-05-06 22:07:05.238232+07	2026-06-05 22:07:05.238232+07	2026-05-06 22:07:05.238232+07
a0cd9bb5-1eb1-4a67-a103-e23456269cfa	30000000-0000-0000-0000-000000000010	SALE009	Giảm giá 50000 VNĐ cho khách hàng	50000.00	2026-05-06 22:07:05.238232+07	2026-06-05 22:07:05.238232+07	2026-05-06 22:07:05.238232+07
7dc51166-a909-4eb8-8252-19720c441ffe	30000000-0000-0000-0000-000000000001	SALE010	Giảm giá 10000 VNĐ cho khách hàng	10000.00	2026-05-06 22:07:05.238232+07	2026-06-05 22:07:05.238232+07	2026-05-06 22:07:05.238232+07
647323f7-cd29-41db-b205-20b60c5d6190	30000000-0000-0000-0000-000000000002	SALE011	Giảm giá 20000 VNĐ cho khách hàng	20000.00	2026-05-06 22:07:05.238232+07	2026-06-05 22:07:05.238232+07	2026-05-06 22:07:05.238232+07
ecf8d607-3574-4441-b876-5b2cf788e207	30000000-0000-0000-0000-000000000003	SALE012	Giảm giá 30000 VNĐ cho khách hàng	30000.00	2026-05-06 22:07:05.238232+07	2026-06-05 22:07:05.238232+07	2026-05-06 22:07:05.238232+07
c4ef165c-3a52-4f0a-9214-1f81b0d29da7	30000000-0000-0000-0000-000000000004	SALE013	Giảm giá 40000 VNĐ cho khách hàng	40000.00	2026-05-06 22:07:05.238232+07	2026-06-05 22:07:05.238232+07	2026-05-06 22:07:05.238232+07
282fe462-f5be-4e6c-9209-77d412e292cd	30000000-0000-0000-0000-000000000005	SALE014	Giảm giá 50000 VNĐ cho khách hàng	50000.00	2026-05-06 22:07:05.238232+07	2026-06-05 22:07:05.238232+07	2026-05-06 22:07:05.238232+07
47300396-27b7-48c1-8315-e72e32f9b211	30000000-0000-0000-0000-000000000006	SALE015	Giảm giá 10000 VNĐ cho khách hàng	10000.00	2026-05-06 22:07:05.238232+07	2026-06-05 22:07:05.238232+07	2026-05-06 22:07:05.238232+07
a600ef6c-7adf-4e09-babf-aa3555dd7f6f	30000000-0000-0000-0000-000000000007	SALE016	Giảm giá 20000 VNĐ cho khách hàng	20000.00	2026-05-06 22:07:05.238232+07	2026-06-05 22:07:05.238232+07	2026-05-06 22:07:05.238232+07
d649e19f-a2c2-4871-a59d-62e8427c67c5	30000000-0000-0000-0000-000000000008	SALE017	Giảm giá 30000 VNĐ cho khách hàng	30000.00	2026-05-06 22:07:05.238232+07	2026-06-05 22:07:05.238232+07	2026-05-06 22:07:05.238232+07
84e073f1-a2b2-47a9-b06b-9672b71edb47	30000000-0000-0000-0000-000000000009	SALE018	Giảm giá 40000 VNĐ cho khách hàng	40000.00	2026-05-06 22:07:05.238232+07	2026-06-05 22:07:05.238232+07	2026-05-06 22:07:05.238232+07
0374a778-ff76-450c-8e22-480f8f378749	30000000-0000-0000-0000-000000000010	SALE019	Giảm giá 50000 VNĐ cho khách hàng	50000.00	2026-05-06 22:07:05.238232+07	2026-06-05 22:07:05.238232+07	2026-05-06 22:07:05.238232+07
0837ee25-ca95-49fe-8c8d-8cad4f68f2e5	30000000-0000-0000-0000-000000000001	SALE020	Giảm giá 10000 VNĐ cho khách hàng	10000.00	2026-05-06 22:07:05.238232+07	2026-06-05 22:07:05.238232+07	2026-05-06 22:07:05.238232+07
499473bc-f52e-4d36-aba6-236250a4a591	30000000-0000-0000-0000-000000000002	SALE021	Giảm giá 20000 VNĐ cho khách hàng	20000.00	2026-05-06 22:07:05.238232+07	2026-06-05 22:07:05.238232+07	2026-05-06 22:07:05.238232+07
06875476-2786-4482-b6e6-95e621f7b1ea	30000000-0000-0000-0000-000000000003	SALE022	Giảm giá 30000 VNĐ cho khách hàng	30000.00	2026-05-06 22:07:05.238232+07	2026-06-05 22:07:05.238232+07	2026-05-06 22:07:05.238232+07
a7a8a60a-9893-4be8-9593-c7ef107ab3ea	30000000-0000-0000-0000-000000000004	SALE023	Giảm giá 40000 VNĐ cho khách hàng	40000.00	2026-05-06 22:07:05.238232+07	2026-06-05 22:07:05.238232+07	2026-05-06 22:07:05.238232+07
1d875f63-83fc-4330-9b82-d2870e6f04be	30000000-0000-0000-0000-000000000005	SALE024	Giảm giá 50000 VNĐ cho khách hàng	50000.00	2026-05-06 22:07:05.238232+07	2026-06-05 22:07:05.238232+07	2026-05-06 22:07:05.238232+07
5cfe9089-aba0-4157-bfe1-e68503fe01bb	30000000-0000-0000-0000-000000000006	SALE025	Giảm giá 10000 VNĐ cho khách hàng	10000.00	2026-05-06 22:07:05.238232+07	2026-06-05 22:07:05.238232+07	2026-05-06 22:07:05.238232+07
0af4d2b8-2a7c-4e3d-a32e-f574661fb1d2	30000000-0000-0000-0000-000000000007	SALE026	Giảm giá 20000 VNĐ cho khách hàng	20000.00	2026-05-06 22:07:05.238232+07	2026-06-05 22:07:05.238232+07	2026-05-06 22:07:05.238232+07
4848c347-adbb-4b88-bf19-51634e44e4b1	30000000-0000-0000-0000-000000000008	SALE027	Giảm giá 30000 VNĐ cho khách hàng	30000.00	2026-05-06 22:07:05.238232+07	2026-06-05 22:07:05.238232+07	2026-05-06 22:07:05.238232+07
80af613e-c3fe-4b27-9f32-bb69a104758f	30000000-0000-0000-0000-000000000009	SALE028	Giảm giá 40000 VNĐ cho khách hàng	40000.00	2026-05-06 22:07:05.238232+07	2026-06-05 22:07:05.238232+07	2026-05-06 22:07:05.238232+07
b898f040-dfb3-43d5-984d-81858f1145fc	30000000-0000-0000-0000-000000000010	SALE029	Giảm giá 50000 VNĐ cho khách hàng	50000.00	2026-05-06 22:07:05.238232+07	2026-06-05 22:07:05.238232+07	2026-05-06 22:07:05.238232+07
0731bb38-4d2e-4824-a408-57afb05216a1	30000000-0000-0000-0000-000000000001	SALE030	Giảm giá 10000 VNĐ cho khách hàng	10000.00	2026-05-06 22:07:05.238232+07	2026-06-05 22:07:05.238232+07	2026-05-06 22:07:05.238232+07
3f0ee3da-7b8d-4516-bcf8-6a6089a4e158	30000000-0000-0000-0000-000000000002	SALE031	Giảm giá 20000 VNĐ cho khách hàng	20000.00	2026-05-06 22:07:05.238232+07	2026-06-05 22:07:05.238232+07	2026-05-06 22:07:05.238232+07
eebeb497-b667-4814-81df-4506aea20051	30000000-0000-0000-0000-000000000003	SALE032	Giảm giá 30000 VNĐ cho khách hàng	30000.00	2026-05-06 22:07:05.238232+07	2026-06-05 22:07:05.238232+07	2026-05-06 22:07:05.238232+07
9dc6b770-a296-44af-96f7-e1a5c0e559fd	30000000-0000-0000-0000-000000000004	SALE033	Giảm giá 40000 VNĐ cho khách hàng	40000.00	2026-05-06 22:07:05.238232+07	2026-06-05 22:07:05.238232+07	2026-05-06 22:07:05.238232+07
75ec18b1-ff51-4475-8545-1969e1cbd8bb	30000000-0000-0000-0000-000000000005	SALE034	Giảm giá 50000 VNĐ cho khách hàng	50000.00	2026-05-06 22:07:05.238232+07	2026-06-05 22:07:05.238232+07	2026-05-06 22:07:05.238232+07
97118426-8911-4c72-9e37-89ebf24439e2	30000000-0000-0000-0000-000000000006	SALE035	Giảm giá 10000 VNĐ cho khách hàng	10000.00	2026-05-06 22:07:05.238232+07	2026-06-05 22:07:05.238232+07	2026-05-06 22:07:05.238232+07
a7385f1d-f466-4fa4-9f90-e7b58aef1b2f	30000000-0000-0000-0000-000000000007	SALE036	Giảm giá 20000 VNĐ cho khách hàng	20000.00	2026-05-06 22:07:05.238232+07	2026-06-05 22:07:05.238232+07	2026-05-06 22:07:05.238232+07
1f4897bf-0d72-44f4-98c8-29514aaaaadc	30000000-0000-0000-0000-000000000008	SALE037	Giảm giá 30000 VNĐ cho khách hàng	30000.00	2026-05-06 22:07:05.238232+07	2026-06-05 22:07:05.238232+07	2026-05-06 22:07:05.238232+07
ecb6ed91-6675-4698-8dee-dd909071b6a4	30000000-0000-0000-0000-000000000009	SALE038	Giảm giá 40000 VNĐ cho khách hàng	40000.00	2026-05-06 22:07:05.238232+07	2026-06-05 22:07:05.238232+07	2026-05-06 22:07:05.238232+07
56097de5-ff20-4a3f-be4f-a4789a05e315	30000000-0000-0000-0000-000000000010	SALE039	Giảm giá 50000 VNĐ cho khách hàng	50000.00	2026-05-06 22:07:05.238232+07	2026-06-05 22:07:05.238232+07	2026-05-06 22:07:05.238232+07
00ae666d-0073-4a60-bb78-120a2649aed3	30000000-0000-0000-0000-000000000001	SALE040	Giảm giá 10000 VNĐ cho khách hàng	10000.00	2026-05-06 22:07:05.238232+07	2026-06-05 22:07:05.238232+07	2026-05-06 22:07:05.238232+07
0e372c7f-553f-477e-9ae9-a7a11b01ff8f	30000000-0000-0000-0000-000000000002	SALE041	Giảm giá 20000 VNĐ cho khách hàng	20000.00	2026-05-06 22:07:05.238232+07	2026-06-05 22:07:05.238232+07	2026-05-06 22:07:05.238232+07
472962b4-78ee-466f-9fc3-0b236bbb6fd7	30000000-0000-0000-0000-000000000003	SALE042	Giảm giá 30000 VNĐ cho khách hàng	30000.00	2026-05-06 22:07:05.238232+07	2026-06-05 22:07:05.238232+07	2026-05-06 22:07:05.238232+07
3418e19f-14c7-4158-b7d8-ea6faacea123	30000000-0000-0000-0000-000000000004	SALE043	Giảm giá 40000 VNĐ cho khách hàng	40000.00	2026-05-06 22:07:05.238232+07	2026-06-05 22:07:05.238232+07	2026-05-06 22:07:05.238232+07
0ff9a7c2-db58-4c20-863d-72b83318b7e4	30000000-0000-0000-0000-000000000005	SALE044	Giảm giá 50000 VNĐ cho khách hàng	50000.00	2026-05-06 22:07:05.238232+07	2026-06-05 22:07:05.238232+07	2026-05-06 22:07:05.238232+07
02f100ce-6da0-40ec-bd47-a49b1e887068	30000000-0000-0000-0000-000000000006	SALE045	Giảm giá 10000 VNĐ cho khách hàng	10000.00	2026-05-06 22:07:05.238232+07	2026-06-05 22:07:05.238232+07	2026-05-06 22:07:05.238232+07
38c601bc-abcf-4355-90bc-49c6ab1726c8	30000000-0000-0000-0000-000000000007	SALE046	Giảm giá 20000 VNĐ cho khách hàng	20000.00	2026-05-06 22:07:05.238232+07	2026-06-05 22:07:05.238232+07	2026-05-06 22:07:05.238232+07
4385bf97-ac77-48a3-bbbb-5785b7df961b	30000000-0000-0000-0000-000000000008	SALE047	Giảm giá 30000 VNĐ cho khách hàng	30000.00	2026-05-06 22:07:05.238232+07	2026-06-05 22:07:05.238232+07	2026-05-06 22:07:05.238232+07
367e292a-245e-4776-80fa-6c9dff601f0b	30000000-0000-0000-0000-000000000009	SALE048	Giảm giá 40000 VNĐ cho khách hàng	40000.00	2026-05-06 22:07:05.238232+07	2026-06-05 22:07:05.238232+07	2026-05-06 22:07:05.238232+07
e53e1e93-338c-45e1-8d80-aa0b39c21325	30000000-0000-0000-0000-000000000010	SALE049	Giảm giá 50000 VNĐ cho khách hàng	50000.00	2026-05-06 22:07:05.238232+07	2026-06-05 22:07:05.238232+07	2026-05-06 22:07:05.238232+07
14f4d8ad-3f2a-45d9-b88a-b5eaf2e7edf9	30000000-0000-0000-0000-000000000001	SALE050	Giảm giá 10000 VNĐ cho khách hàng	10000.00	2026-05-06 22:07:05.238232+07	2026-06-05 22:07:05.238232+07	2026-05-06 22:07:05.238232+07
\.

--
-- TOC entry 4869 (class 0 OID 21249)
-- Dependencies: 224
-- Data for Name: otps; Type: TABLE DATA; Schema: public; Owner: postgres
--


COPY public.otps (id, email, otp_code, expires_at, is_used, created_at) FROM stdin;
f25dc956-db66-4592-aee0-17b1e932a276	user1@test.com	679315	2026-05-06 22:09:05.238232+07	f	2026-05-06 22:07:05.238232+07
6e329bf4-81c9-439d-9718-21338023aead	user2@test.com	895900	2026-05-06 22:09:05.238232+07	f	2026-05-06 22:07:05.238232+07
d7c77480-3baf-4100-ab70-3dbdb845f2b4	user3@test.com	214138	2026-05-06 22:09:05.238232+07	f	2026-05-06 22:07:05.238232+07
f3af1a83-57a3-4107-86e0-6616f0c756eb	user4@test.com	956504	2026-05-06 22:09:05.238232+07	f	2026-05-06 22:07:05.238232+07
dc5ded1c-7e4c-4dce-bf94-3b2957fe5212	user5@test.com	495537	2026-05-06 22:09:05.238232+07	f	2026-05-06 22:07:05.238232+07
35e4574b-a3cb-427b-ac10-d47737f86b3e	user6@test.com	340347	2026-05-06 22:09:05.238232+07	f	2026-05-06 22:07:05.238232+07
1b03cc83-89a9-46ce-9782-1870bbc75a4d	user7@test.com	709215	2026-05-06 22:09:05.238232+07	f	2026-05-06 22:07:05.238232+07
521ec8ad-fe67-4e6e-9d35-7c690553e963	user8@test.com	835544	2026-05-06 22:09:05.238232+07	f	2026-05-06 22:07:05.238232+07
b17a96f2-784d-41c5-a753-7beed2d99eb7	user9@test.com	807893	2026-05-06 22:09:05.238232+07	f	2026-05-06 22:07:05.238232+07
2544f637-09a9-4127-977a-827d5d680ddf	user10@test.com	592596	2026-05-06 22:09:05.238232+07	f	2026-05-06 22:07:05.238232+07
8d5ab2ac-a6e2-460e-b278-b9a8853e3adc	user11@test.com	433023	2026-05-06 22:09:05.238232+07	f	2026-05-06 22:07:05.238232+07
7670d636-6a4d-4ef8-b48e-85fc3cf8195e	user12@test.com	703216	2026-05-06 22:09:05.238232+07	f	2026-05-06 22:07:05.238232+07
cd817ba6-5f65-4338-9b73-385d2e6cb535	user13@test.com	638587	2026-05-06 22:09:05.238232+07	f	2026-05-06 22:07:05.238232+07
7020ee08-018d-4063-945f-a6367d2e2431	user14@test.com	474466	2026-05-06 22:09:05.238232+07	f	2026-05-06 22:07:05.238232+07
aba3db78-e9eb-46e0-a2cb-9de175bf8042	user15@test.com	039096	2026-05-06 22:09:05.238232+07	f	2026-05-06 22:07:05.238232+07
d5c0fa03-46ef-47eb-906b-105868e7329f	user16@test.com	917990	2026-05-06 22:09:05.238232+07	f	2026-05-06 22:07:05.238232+07
9e3bf908-8d3f-4f18-8631-fb8190ac13c6	user17@test.com	047620	2026-05-06 22:09:05.238232+07	f	2026-05-06 22:07:05.238232+07
55ecfe57-a519-4dc1-ada0-89ac4db4ad80	user18@test.com	185827	2026-05-06 22:09:05.238232+07	f	2026-05-06 22:07:05.238232+07
7501a09d-4619-4091-9d6a-67f0e7fcbf4f	user19@test.com	195943	2026-05-06 22:09:05.238232+07	f	2026-05-06 22:07:05.238232+07
22650f70-57ae-41cc-a83a-8041cba9040b	user20@test.com	647828	2026-05-06 22:09:05.238232+07	f	2026-05-06 22:07:05.238232+07
647b16b2-e4b7-4d55-b436-ae28ea1628a4	user21@test.com	299126	2026-05-06 22:09:05.238232+07	f	2026-05-06 22:07:05.238232+07
64ee1c23-0cbe-4614-bae9-34a247f0b940	user22@test.com	202045	2026-05-06 22:09:05.238232+07	f	2026-05-06 22:07:05.238232+07
a37f11b3-df7e-4919-8b37-f9f2358a5562	user23@test.com	157528	2026-05-06 22:09:05.238232+07	f	2026-05-06 22:07:05.238232+07
96a122a9-2e89-476d-808b-94cedccfd049	user24@test.com	569020	2026-05-06 22:09:05.238232+07	f	2026-05-06 22:07:05.238232+07
b1ea0b08-3eb3-4c5e-a08e-acd2cbaeb385	user25@test.com	966223	2026-05-06 22:09:05.238232+07	f	2026-05-06 22:07:05.238232+07
df9875e8-9742-452b-82ba-96a62e03b977	user26@test.com	603839	2026-05-06 22:09:05.238232+07	f	2026-05-06 22:07:05.238232+07
25630230-5a9a-41e0-b71b-c274e50a8bec	user27@test.com	287011	2026-05-06 22:09:05.238232+07	f	2026-05-06 22:07:05.238232+07
dc2d7bf1-decd-4f22-97fd-856153c1f0aa	user28@test.com	936593	2026-05-06 22:09:05.238232+07	f	2026-05-06 22:07:05.238232+07
deddd5bd-326e-4380-989f-34022a4ffefd	user29@test.com	100371	2026-05-06 22:09:05.238232+07	f	2026-05-06 22:07:05.238232+07
6d73d81c-9c23-4352-bd63-5f5e031c2cb3	user30@test.com	841745	2026-05-06 22:09:05.238232+07	f	2026-05-06 22:07:05.238232+07
98fd2247-c86f-4995-920a-c5a3bcab5294	user31@test.com	975453	2026-05-06 22:09:05.238232+07	f	2026-05-06 22:07:05.238232+07
cbf0bed3-41f4-4f03-8b3d-c5d6ee44dc7b	user32@test.com	071396	2026-05-06 22:09:05.238232+07	f	2026-05-06 22:07:05.238232+07
5b564ef7-9eb3-457c-8bf3-6796d40a2da2	user33@test.com	677086	2026-05-06 22:09:05.238232+07	f	2026-05-06 22:07:05.238232+07
feba7b99-e09f-4429-bd26-0318d1562ee5	user34@test.com	937923	2026-05-06 22:09:05.238232+07	f	2026-05-06 22:07:05.238232+07
2e0fb65c-df61-46d9-a995-8bac3c1d4eaa	user35@test.com	118887	2026-05-06 22:09:05.238232+07	f	2026-05-06 22:07:05.238232+07
c9086f8e-639c-4c4a-8f39-556f0c4daffb	user36@test.com	266766	2026-05-06 22:09:05.238232+07	f	2026-05-06 22:07:05.238232+07
f8f81800-6a92-4c5e-8620-1b372dc2c104	user37@test.com	038060	2026-05-06 22:09:05.238232+07	f	2026-05-06 22:07:05.238232+07
3dd4430c-ee1c-4802-80bc-c946f02acbd7	user38@test.com	673955	2026-05-06 22:09:05.238232+07	f	2026-05-06 22:07:05.238232+07
053f2b8a-407d-48c8-94e2-7e04589f1d0c	user39@test.com	393601	2026-05-06 22:09:05.238232+07	f	2026-05-06 22:07:05.238232+07
23422b20-45ae-4509-bb5f-0406c5f9d0fc	user40@test.com	180978	2026-05-06 22:09:05.238232+07	f	2026-05-06 22:07:05.238232+07
217350d9-6fa3-4e29-93dd-45469f3a0121	user41@test.com	686141	2026-05-06 22:09:05.238232+07	f	2026-05-06 22:07:05.238232+07
100e4d35-2489-4e27-93b4-54cfcdf064ca	user42@test.com	628885	2026-05-06 22:09:05.238232+07	f	2026-05-06 22:07:05.238232+07
211a867d-2f29-4e2b-8286-385f3b57d663	user43@test.com	614499	2026-05-06 22:09:05.238232+07	f	2026-05-06 22:07:05.238232+07
e781a70f-4be9-4f9a-985d-2ef144a1ea3b	user44@test.com	862542	2026-05-06 22:09:05.238232+07	f	2026-05-06 22:07:05.238232+07
0df3cd9d-97af-4582-b686-ed853b3a3d51	user45@test.com	004812	2026-05-06 22:09:05.238232+07	f	2026-05-06 22:07:05.238232+07
41e90389-0adf-40fe-852f-1c9400175dc2	user46@test.com	460431	2026-05-06 22:09:05.238232+07	f	2026-05-06 22:07:05.238232+07
26f68b2f-bd08-4b53-8c45-a8dd86946593	user47@test.com	701905	2026-05-06 22:09:05.238232+07	f	2026-05-06 22:07:05.238232+07
ed36d438-8e2e-4cf1-a44f-2d7fcf25b47d	user48@test.com	597872	2026-05-06 22:09:05.238232+07	f	2026-05-06 22:07:05.238232+07
1cad2494-9193-4049-9d59-ecf26ddf4397	user49@test.com	340232	2026-05-06 22:09:05.238232+07	f	2026-05-06 22:07:05.238232+07
bc9b295e-305d-4471-955a-897749262baa	user50@test.com	786616	2026-05-06 22:09:05.238232+07	f	2026-05-06 22:07:05.238232+07
\.

--
-- TOC entry 4866 (class 0 OID 21198)
-- Dependencies: 221
-- Data for Name: reviews; Type: TABLE DATA; Schema: public; Owner: postgres
--


COPY public.reviews (id, user_id, cafe_id, rating, content, language, created_at) FROM stdin;
451f22b9-6f1e-4547-87ee-1f76d25d944c	20000000-0000-0000-0000-000000000001	30000000-0000-0000-0000-000000000002	2	Great space for working, strong wifi.	EN	2026-05-06 22:07:05.238232+07
54bd3e3e-dbae-44fc-afb6-9f8b6e814305	20000000-0000-0000-0000-000000000002	30000000-0000-0000-0000-000000000003	3	静かで仕事しやすいです！また来ます。	JA	2026-05-06 22:07:05.238232+07
1962b062-9951-4758-b338-880924c41f67	20000000-0000-0000-0000-000000000003	30000000-0000-0000-0000-000000000004	4	Great space for working, strong wifi.	EN	2026-05-06 22:07:05.238232+07
91992f87-7546-4a62-9bb5-703a2679ef3e	20000000-0000-0000-0000-000000000004	30000000-0000-0000-0000-000000000005	5	静かで仕事しやすいです！また来ます。	JA	2026-05-06 22:07:05.238232+07
6bc7f838-3366-4675-8f7c-d48eeb17fc04	20000000-0000-0000-0000-000000000005	30000000-0000-0000-0000-000000000006	1	Great space for working, strong wifi.	EN	2026-05-06 22:07:05.238232+07
cff8a60b-a98c-4dc1-8ddb-d410eb91ec11	20000000-0000-0000-0000-000000000006	30000000-0000-0000-0000-000000000007	2	静かで仕事しやすいです！また来ます。	JA	2026-05-06 22:07:05.238232+07
a0ebefbd-2aa7-4cd8-bac1-b56b2f6255ed	20000000-0000-0000-0000-000000000007	30000000-0000-0000-0000-000000000008	3	Great space for working, strong wifi.	EN	2026-05-06 22:07:05.238232+07
7c2ab2de-ba3e-45d6-9ef6-dd6ad013ea9f	20000000-0000-0000-0000-000000000008	30000000-0000-0000-0000-000000000009	4	静かで仕事しやすいです！また来ます。	JA	2026-05-06 22:07:05.238232+07
5a1d7667-ae37-49bf-8ec9-e6ca9156a51b	20000000-0000-0000-0000-000000000009	30000000-0000-0000-0000-000000000010	5	Great space for working, strong wifi.	EN	2026-05-06 22:07:05.238232+07
a3d7a517-0f77-4ad0-903d-f488fa718db0	20000000-0000-0000-0000-000000000010	30000000-0000-0000-0000-000000000001	1	静かで仕事しやすいです！また来ます。	JA	2026-05-06 22:07:05.238232+07
09f088bb-ab90-4c80-aa81-13e66eec9f07	20000000-0000-0000-0000-000000000011	30000000-0000-0000-0000-000000000002	2	Great space for working, strong wifi.	EN	2026-05-06 22:07:05.238232+07
fca6268a-821d-46e7-96e3-07dfee122829	20000000-0000-0000-0000-000000000012	30000000-0000-0000-0000-000000000003	3	静かで仕事しやすいです！また来ます。	JA	2026-05-06 22:07:05.238232+07
d7300e4e-6188-43fd-84da-b4d4d8810308	20000000-0000-0000-0000-000000000013	30000000-0000-0000-0000-000000000004	4	Great space for working, strong wifi.	EN	2026-05-06 22:07:05.238232+07
068ebd02-48d5-4390-ae44-378c493ba1a9	20000000-0000-0000-0000-000000000014	30000000-0000-0000-0000-000000000005	5	静かで仕事しやすいです！また来ます。	JA	2026-05-06 22:07:05.238232+07
4ca285dc-02f9-4386-a949-16097800a2de	20000000-0000-0000-0000-000000000015	30000000-0000-0000-0000-000000000006	1	Great space for working, strong wifi.	EN	2026-05-06 22:07:05.238232+07
9a64b08f-5a9b-4ac0-be76-b7efe3450a5a	20000000-0000-0000-0000-000000000016	30000000-0000-0000-0000-000000000007	2	静かで仕事しやすいです！また来ます。	JA	2026-05-06 22:07:05.238232+07
f5b6dc76-c40d-4739-afaa-ee48bfca030f	20000000-0000-0000-0000-000000000017	30000000-0000-0000-0000-000000000008	3	Great space for working, strong wifi.	EN	2026-05-06 22:07:05.238232+07
72f41e21-37b0-4005-ad58-1d67145e102e	20000000-0000-0000-0000-000000000018	30000000-0000-0000-0000-000000000009	4	静かで仕事しやすいです！また来ます。	JA	2026-05-06 22:07:05.238232+07
25cbd53d-4848-423e-bc42-95119807d633	20000000-0000-0000-0000-000000000019	30000000-0000-0000-0000-000000000010	5	Great space for working, strong wifi.	EN	2026-05-06 22:07:05.238232+07
19937c06-7821-482c-aec8-cfe1345e5fb0	20000000-0000-0000-0000-000000000020	30000000-0000-0000-0000-000000000001	1	静かで仕事しやすいです！また来ます。	JA	2026-05-06 22:07:05.238232+07
a989a0e0-bfa1-4599-8063-4f77e14498bd	20000000-0000-0000-0000-000000000021	30000000-0000-0000-0000-000000000002	2	Great space for working, strong wifi.	EN	2026-05-06 22:07:05.238232+07
a7ccc3c4-9196-4ec1-8ba9-2e23a647af15	20000000-0000-0000-0000-000000000022	30000000-0000-0000-0000-000000000003	3	静かで仕事しやすいです！また来ます。	JA	2026-05-06 22:07:05.238232+07
ead0be45-3264-4b9a-b799-c5e405cf1895	20000000-0000-0000-0000-000000000023	30000000-0000-0000-0000-000000000004	4	Great space for working, strong wifi.	EN	2026-05-06 22:07:05.238232+07
18f863aa-3a17-4ede-8688-1cb3eea36972	20000000-0000-0000-0000-000000000024	30000000-0000-0000-0000-000000000005	5	静かで仕事しやすいです！また来ます。	JA	2026-05-06 22:07:05.238232+07
daeaddc3-1c15-443b-ae2a-c60259359016	20000000-0000-0000-0000-000000000025	30000000-0000-0000-0000-000000000006	1	Great space for working, strong wifi.	EN	2026-05-06 22:07:05.238232+07
f30a4405-04b0-4eab-97b9-4a87cee145e4	20000000-0000-0000-0000-000000000026	30000000-0000-0000-0000-000000000007	2	静かで仕事しやすいです！また来ます。	JA	2026-05-06 22:07:05.238232+07
dedb6ef9-172a-48fd-8788-f4ee94a0040d	20000000-0000-0000-0000-000000000027	30000000-0000-0000-0000-000000000008	3	Great space for working, strong wifi.	EN	2026-05-06 22:07:05.238232+07
56a98ca8-91d3-4643-a361-5ca1db943789	20000000-0000-0000-0000-000000000028	30000000-0000-0000-0000-000000000009	4	静かで仕事しやすいです！また来ます。	JA	2026-05-06 22:07:05.238232+07
5aa34188-6603-4c05-bf4b-facafd53ceb8	20000000-0000-0000-0000-000000000029	30000000-0000-0000-0000-000000000010	5	Great space for working, strong wifi.	EN	2026-05-06 22:07:05.238232+07
2a014284-e215-44b8-b7c9-332c6719f9d6	20000000-0000-0000-0000-000000000030	30000000-0000-0000-0000-000000000001	1	静かで仕事しやすいです！また来ます。	JA	2026-05-06 22:07:05.238232+07
8643c17d-65a9-493a-ab46-74aaf689c493	20000000-0000-0000-0000-000000000031	30000000-0000-0000-0000-000000000002	2	Great space for working, strong wifi.	EN	2026-05-06 22:07:05.238232+07
328f860d-66c5-4563-bb29-cdea9d0fc28f	20000000-0000-0000-0000-000000000032	30000000-0000-0000-0000-000000000003	3	静かで仕事しやすいです！また来ます。	JA	2026-05-06 22:07:05.238232+07
e182c5d0-c62b-4709-8c8a-e89bbd27dcdf	20000000-0000-0000-0000-000000000033	30000000-0000-0000-0000-000000000004	4	Great space for working, strong wifi.	EN	2026-05-06 22:07:05.238232+07
891f2706-ea22-45d6-80de-aa175fa5325f	20000000-0000-0000-0000-000000000034	30000000-0000-0000-0000-000000000005	5	静かで仕事しやすいです！また来ます。	JA	2026-05-06 22:07:05.238232+07
09395589-a885-49fb-b422-8d32c927e4b4	20000000-0000-0000-0000-000000000035	30000000-0000-0000-0000-000000000006	1	Great space for working, strong wifi.	EN	2026-05-06 22:07:05.238232+07
e2fbfead-4538-4299-a53b-5c9e5dd2f319	20000000-0000-0000-0000-000000000036	30000000-0000-0000-0000-000000000007	2	静かで仕事しやすいです！また来ます。	JA	2026-05-06 22:07:05.238232+07
335be79e-147e-4989-8cba-f30cae471d2a	20000000-0000-0000-0000-000000000037	30000000-0000-0000-0000-000000000008	3	Great space for working, strong wifi.	EN	2026-05-06 22:07:05.238232+07
02511032-21f8-411a-b066-5e2eb87082f1	20000000-0000-0000-0000-000000000038	30000000-0000-0000-0000-000000000009	4	静かで仕事しやすいです！また来ます。	JA	2026-05-06 22:07:05.238232+07
be48bb18-0dc8-458b-9834-27faac4006f7	20000000-0000-0000-0000-000000000039	30000000-0000-0000-0000-000000000010	5	Great space for working, strong wifi.	EN	2026-05-06 22:07:05.238232+07
2b16649f-1cf7-4bcb-b165-eb1b3ebc7920	20000000-0000-0000-0000-000000000040	30000000-0000-0000-0000-000000000001	1	静かで仕事しやすいです！また来ます。	JA	2026-05-06 22:07:05.238232+07
1f6618f6-8cc0-4dd5-ba81-7fcb476d74e5	20000000-0000-0000-0000-000000000041	30000000-0000-0000-0000-000000000002	2	Great space for working, strong wifi.	EN	2026-05-06 22:07:05.238232+07
189d004f-16b2-4b71-b467-1b88c0db2460	20000000-0000-0000-0000-000000000042	30000000-0000-0000-0000-000000000003	3	静かで仕事しやすいです！また来ます。	JA	2026-05-06 22:07:05.238232+07
a405499e-8782-4de1-8f86-a81d5dfdae3b	20000000-0000-0000-0000-000000000043	30000000-0000-0000-0000-000000000004	4	Great space for working, strong wifi.	EN	2026-05-06 22:07:05.238232+07
b77d3930-8fa9-4ff2-bcd9-0a3636cd8f22	20000000-0000-0000-0000-000000000044	30000000-0000-0000-0000-000000000005	5	静かで仕事しやすいです！また来ます。	JA	2026-05-06 22:07:05.238232+07
2020fa2e-5b59-4ead-bd0c-1b00ffc9e22a	20000000-0000-0000-0000-000000000045	30000000-0000-0000-0000-000000000006	1	Great space for working, strong wifi.	EN	2026-05-06 22:07:05.238232+07
db917d32-badc-4a6e-8d95-0d15cd301323	20000000-0000-0000-0000-000000000046	30000000-0000-0000-0000-000000000007	2	静かで仕事しやすいです！また来ます。	JA	2026-05-06 22:07:05.238232+07
a79d93a4-0208-47ca-82e6-b54e7cb0798f	20000000-0000-0000-0000-000000000047	30000000-0000-0000-0000-000000000008	3	Great space for working, strong wifi.	EN	2026-05-06 22:07:05.238232+07
d1462f16-e148-4c6d-b4d3-af12e06fab3d	20000000-0000-0000-0000-000000000048	30000000-0000-0000-0000-000000000009	4	静かで仕事しやすいです！また来ます。	JA	2026-05-06 22:07:05.238232+07
7b7f9c31-a3e7-4c71-ac48-2e343e428a29	20000000-0000-0000-0000-000000000049	30000000-0000-0000-0000-000000000010	5	Great space for working, strong wifi.	EN	2026-05-06 22:07:05.238232+07
80b960e8-de53-4cb4-b26c-1bbb9f8e41b9	20000000-0000-0000-0000-000000000050	30000000-0000-0000-0000-000000000001	1	静かで仕事しやすいです！また来ます。	JA	2026-05-06 22:07:05.238232+07
\.

--
-- TOC entry 4868 (class 0 OID 21235)
-- Dependencies: 223
-- Data for Name: search_histories; Type: TABLE DATA; Schema: public; Owner: postgres
--


COPY public.search_histories (id, user_id, search_query, filters, created_at) FROM stdin;
e593dec4-c689-4b11-9975-0fe32dbaee9f	20000000-0000-0000-0000-000000000001	Yên tĩnh làm việc	{"has_wifi": true, "quiet_level": "high", "has_smoking_area": false}	2026-05-06 22:07:05.238232+07
63c86b54-a75b-4156-a739-6121ade6d4b9	20000000-0000-0000-0000-000000000002	Có phòng họp	{"has_wifi": true, "quiet_level": "high", "has_smoking_area": false}	2026-05-06 22:07:05.238232+07
8ef3f8f7-dfc3-436a-ba9e-3b2c6ff2a138	20000000-0000-0000-0000-000000000003	Cafe Hoàn Kiếm	{"has_wifi": true, "quiet_level": "high", "has_smoking_area": false}	2026-05-06 22:07:05.238232+07
752406b4-feda-4124-8adf-c87b729569b0	20000000-0000-0000-0000-000000000004	Yên tĩnh làm việc	{"has_wifi": true, "quiet_level": "high", "has_smoking_area": false}	2026-05-06 22:07:05.238232+07
76cb0db2-7baf-48ab-b86b-bdac912e6596	20000000-0000-0000-0000-000000000005	Có phòng họp	{"has_wifi": true, "quiet_level": "high", "has_smoking_area": false}	2026-05-06 22:07:05.238232+07
e192d990-7840-4d15-892c-131712247af5	20000000-0000-0000-0000-000000000006	Cafe Hoàn Kiếm	{"has_wifi": true, "quiet_level": "high", "has_smoking_area": false}	2026-05-06 22:07:05.238232+07
d9d1a57e-5219-4e29-8fd7-563e3b751915	20000000-0000-0000-0000-000000000007	Yên tĩnh làm việc	{"has_wifi": true, "quiet_level": "high", "has_smoking_area": false}	2026-05-06 22:07:05.238232+07
af379eec-cc7c-4a38-b820-b4d6d6541dab	20000000-0000-0000-0000-000000000008	Có phòng họp	{"has_wifi": true, "quiet_level": "high", "has_smoking_area": false}	2026-05-06 22:07:05.238232+07
9d23e7e8-4aad-4d03-b072-8eac8972e979	20000000-0000-0000-0000-000000000009	Cafe Hoàn Kiếm	{"has_wifi": true, "quiet_level": "high", "has_smoking_area": false}	2026-05-06 22:07:05.238232+07
6ecaae3a-3d72-499e-a757-33906554459a	20000000-0000-0000-0000-000000000010	Yên tĩnh làm việc	{"has_wifi": true, "quiet_level": "high", "has_smoking_area": false}	2026-05-06 22:07:05.238232+07
d41c7dae-2398-471f-8f9a-0dab3f4209fd	20000000-0000-0000-0000-000000000011	Có phòng họp	{"has_wifi": true, "quiet_level": "high", "has_smoking_area": false}	2026-05-06 22:07:05.238232+07
293f2a31-904c-4c29-a9ab-38f12ae42305	20000000-0000-0000-0000-000000000012	Cafe Hoàn Kiếm	{"has_wifi": true, "quiet_level": "high", "has_smoking_area": false}	2026-05-06 22:07:05.238232+07
1685dac7-2644-4010-8d56-1851337ca1c7	20000000-0000-0000-0000-000000000013	Yên tĩnh làm việc	{"has_wifi": true, "quiet_level": "high", "has_smoking_area": false}	2026-05-06 22:07:05.238232+07
cfc9bc12-1082-471b-ab20-0003269d98bf	20000000-0000-0000-0000-000000000014	Có phòng họp	{"has_wifi": true, "quiet_level": "high", "has_smoking_area": false}	2026-05-06 22:07:05.238232+07
ba8e42a4-6ad0-4a45-a32b-d0463529b3ce	20000000-0000-0000-0000-000000000015	Cafe Hoàn Kiếm	{"has_wifi": true, "quiet_level": "high", "has_smoking_area": false}	2026-05-06 22:07:05.238232+07
826c8a6c-ad8f-4b4e-aee2-d829bf7882da	20000000-0000-0000-0000-000000000016	Yên tĩnh làm việc	{"has_wifi": true, "quiet_level": "high", "has_smoking_area": false}	2026-05-06 22:07:05.238232+07
d7a0756d-4c3e-45ed-b720-7466a61c9caf	20000000-0000-0000-0000-000000000017	Có phòng họp	{"has_wifi": true, "quiet_level": "high", "has_smoking_area": false}	2026-05-06 22:07:05.238232+07
2a8bdbfa-93ce-4786-a5a6-b3594d86ea6f	20000000-0000-0000-0000-000000000018	Cafe Hoàn Kiếm	{"has_wifi": true, "quiet_level": "high", "has_smoking_area": false}	2026-05-06 22:07:05.238232+07
c2ece44b-0dea-4135-9610-0841892f0d1d	20000000-0000-0000-0000-000000000019	Yên tĩnh làm việc	{"has_wifi": true, "quiet_level": "high", "has_smoking_area": false}	2026-05-06 22:07:05.238232+07
29212f6d-7231-4e82-b9bf-03a25f30c8b2	20000000-0000-0000-0000-000000000020	Có phòng họp	{"has_wifi": true, "quiet_level": "high", "has_smoking_area": false}	2026-05-06 22:07:05.238232+07
03ebafea-c986-4c37-b9d5-562dd2aa486f	20000000-0000-0000-0000-000000000021	Cafe Hoàn Kiếm	{"has_wifi": true, "quiet_level": "high", "has_smoking_area": false}	2026-05-06 22:07:05.238232+07
df54ca30-5279-4954-8989-88f6e8d65977	20000000-0000-0000-0000-000000000022	Yên tĩnh làm việc	{"has_wifi": true, "quiet_level": "high", "has_smoking_area": false}	2026-05-06 22:07:05.238232+07
c96fbfd3-341c-4b95-8667-966667fc8a55	20000000-0000-0000-0000-000000000023	Có phòng họp	{"has_wifi": true, "quiet_level": "high", "has_smoking_area": false}	2026-05-06 22:07:05.238232+07
d793922e-10cf-4982-991a-ce7f3ae41824	20000000-0000-0000-0000-000000000024	Cafe Hoàn Kiếm	{"has_wifi": true, "quiet_level": "high", "has_smoking_area": false}	2026-05-06 22:07:05.238232+07
f1fe21ef-3203-40db-8f1d-e00c9d6df089	20000000-0000-0000-0000-000000000025	Yên tĩnh làm việc	{"has_wifi": true, "quiet_level": "high", "has_smoking_area": false}	2026-05-06 22:07:05.238232+07
60beeb26-75bd-463c-819c-6c9cdd5bb224	20000000-0000-0000-0000-000000000026	Có phòng họp	{"has_wifi": true, "quiet_level": "high", "has_smoking_area": false}	2026-05-06 22:07:05.238232+07
c1dcd08d-7c5d-47e9-8c35-ebd026fa1e30	20000000-0000-0000-0000-000000000027	Cafe Hoàn Kiếm	{"has_wifi": true, "quiet_level": "high", "has_smoking_area": false}	2026-05-06 22:07:05.238232+07
3993a120-e69c-4220-8f81-d28dfb08b03f	20000000-0000-0000-0000-000000000028	Yên tĩnh làm việc	{"has_wifi": true, "quiet_level": "high", "has_smoking_area": false}	2026-05-06 22:07:05.238232+07
bc3930be-7f32-4131-af39-5080d673ea99	20000000-0000-0000-0000-000000000029	Có phòng họp	{"has_wifi": true, "quiet_level": "high", "has_smoking_area": false}	2026-05-06 22:07:05.238232+07
22497147-1b61-44d6-bc76-39936b5d03c4	20000000-0000-0000-0000-000000000030	Cafe Hoàn Kiếm	{"has_wifi": true, "quiet_level": "high", "has_smoking_area": false}	2026-05-06 22:07:05.238232+07
90ab6bd0-88d2-483c-9472-3cdc9d2537e9	20000000-0000-0000-0000-000000000031	Yên tĩnh làm việc	{"has_wifi": true, "quiet_level": "high", "has_smoking_area": false}	2026-05-06 22:07:05.238232+07
4adbefb3-ec70-49da-a55a-788b859cde24	20000000-0000-0000-0000-000000000032	Có phòng họp	{"has_wifi": true, "quiet_level": "high", "has_smoking_area": false}	2026-05-06 22:07:05.238232+07
c7b38a40-bf80-4d93-9730-3e4936da6c00	20000000-0000-0000-0000-000000000033	Cafe Hoàn Kiếm	{"has_wifi": true, "quiet_level": "high", "has_smoking_area": false}	2026-05-06 22:07:05.238232+07
24eba585-e395-45ae-a6b5-c9dbd092b539	20000000-0000-0000-0000-000000000034	Yên tĩnh làm việc	{"has_wifi": true, "quiet_level": "high", "has_smoking_area": false}	2026-05-06 22:07:05.238232+07
5f12f754-0020-4168-9047-c3da765c4ab8	20000000-0000-0000-0000-000000000035	Có phòng họp	{"has_wifi": true, "quiet_level": "high", "has_smoking_area": false}	2026-05-06 22:07:05.238232+07
7a8953f0-7774-4fce-896f-b3957f14fd4e	20000000-0000-0000-0000-000000000036	Cafe Hoàn Kiếm	{"has_wifi": true, "quiet_level": "high", "has_smoking_area": false}	2026-05-06 22:07:05.238232+07
307fb8ff-3baf-4806-9d5e-ad7d78fca52a	20000000-0000-0000-0000-000000000037	Yên tĩnh làm việc	{"has_wifi": true, "quiet_level": "high", "has_smoking_area": false}	2026-05-06 22:07:05.238232+07
9fff2e2d-08e2-4c74-96cd-2f636e85d3b4	20000000-0000-0000-0000-000000000038	Có phòng họp	{"has_wifi": true, "quiet_level": "high", "has_smoking_area": false}	2026-05-06 22:07:05.238232+07
bd5f44a6-9fb0-4d71-b6c6-c95ebb2d5349	20000000-0000-0000-0000-000000000039	Cafe Hoàn Kiếm	{"has_wifi": true, "quiet_level": "high", "has_smoking_area": false}	2026-05-06 22:07:05.238232+07
a5016ce2-4487-4c88-9ce3-d4e18fdca944	20000000-0000-0000-0000-000000000040	Yên tĩnh làm việc	{"has_wifi": true, "quiet_level": "high", "has_smoking_area": false}	2026-05-06 22:07:05.238232+07
c99795f3-9eb4-47f0-be17-93674da20155	20000000-0000-0000-0000-000000000041	Có phòng họp	{"has_wifi": true, "quiet_level": "high", "has_smoking_area": false}	2026-05-06 22:07:05.238232+07
f476852f-f089-45ae-9e6f-3157a6fbaa40	20000000-0000-0000-0000-000000000042	Cafe Hoàn Kiếm	{"has_wifi": true, "quiet_level": "high", "has_smoking_area": false}	2026-05-06 22:07:05.238232+07
57749955-3f03-4504-b687-54efd5b863da	20000000-0000-0000-0000-000000000043	Yên tĩnh làm việc	{"has_wifi": true, "quiet_level": "high", "has_smoking_area": false}	2026-05-06 22:07:05.238232+07
7392d0da-3365-4096-802b-9e3dff3feff0	20000000-0000-0000-0000-000000000044	Có phòng họp	{"has_wifi": true, "quiet_level": "high", "has_smoking_area": false}	2026-05-06 22:07:05.238232+07
e2794ec5-e842-4c74-93aa-be82cbb6fcde	20000000-0000-0000-0000-000000000045	Cafe Hoàn Kiếm	{"has_wifi": true, "quiet_level": "high", "has_smoking_area": false}	2026-05-06 22:07:05.238232+07
f423a35e-041b-4908-99f6-43c788e4becd	20000000-0000-0000-0000-000000000046	Yên tĩnh làm việc	{"has_wifi": true, "quiet_level": "high", "has_smoking_area": false}	2026-05-06 22:07:05.238232+07
1ba7028f-a865-4482-87c1-f52bd4ea5e9d	20000000-0000-0000-0000-000000000047	Có phòng họp	{"has_wifi": true, "quiet_level": "high", "has_smoking_area": false}	2026-05-06 22:07:05.238232+07
354ba851-ef1c-41d8-86ef-e75da46f08a9	20000000-0000-0000-0000-000000000048	Cafe Hoàn Kiếm	{"has_wifi": true, "quiet_level": "high", "has_smoking_area": false}	2026-05-06 22:07:05.238232+07
a1c77970-c5f5-4d4d-aa12-8c79ebd40158	20000000-0000-0000-0000-000000000049	Yên tĩnh làm việc	{"has_wifi": true, "quiet_level": "high", "has_smoking_area": false}	2026-05-06 22:07:05.238232+07
3d5108c5-6401-4898-b714-42cc3ce812ce	20000000-0000-0000-0000-000000000050	Có phòng họp	{"has_wifi": true, "quiet_level": "high", "has_smoking_area": false}	2026-05-06 22:07:05.238232+07
\.

--
-- TOC entry 4862 (class 0 OID 21140)
-- Dependencies: 217
-- Data for Name: users; Type: TABLE DATA; Schema: public; Owner: postgres
--


COPY public.users (id, email, password_hash, full_name, role, created_at, updated_at) FROM stdin;
10000000-0000-0000-0000-000000000001	owner1@cafework.com	hashed_pwd_123	Tanaka Hiroshi	OWNER	2026-05-06 22:07:05.238232+07	2026-05-06 22:07:05.238232+07
10000000-0000-0000-0000-000000000002	owner2@cafework.com	hashed_pwd_123	Nguyễn Văn Bình	OWNER	2026-05-06 22:07:05.238232+07	2026-05-06 22:07:05.238232+07
10000000-0000-0000-0000-000000000003	owner3@cafework.com	hashed_pwd_123	Suzuki Kenji	OWNER	2026-05-06 22:07:05.238232+07	2026-05-06 22:07:05.238232+07
10000000-0000-0000-0000-000000000004	owner4@cafework.com	hashed_pwd_123	Lê Thị Bích	OWNER	2026-05-06 22:07:05.238232+07	2026-05-06 22:07:05.238232+07
10000000-0000-0000-0000-000000000005	owner5@cafework.com	hashed_pwd_123	Yamamoto Yui	OWNER	2026-05-06 22:07:05.238232+07	2026-05-06 22:07:05.238232+07
10000000-0000-0000-0000-000000000006	owner6@cafework.com	hashed_pwd_123	Phạm Minh Châu	OWNER	2026-05-06 22:07:05.238232+07	2026-05-06 22:07:05.238232+07
10000000-0000-0000-0000-000000000007	owner7@cafework.com	hashed_pwd_123	Watanabe Ryo	OWNER	2026-05-06 22:07:05.238232+07	2026-05-06 22:07:05.238232+07
10000000-0000-0000-0000-000000000008	owner8@cafework.com	hashed_pwd_123	Trần Hoàng Dũng	OWNER	2026-05-06 22:07:05.238232+07	2026-05-06 22:07:05.238232+07
10000000-0000-0000-0000-000000000009	owner9@cafework.com	hashed_pwd_123	Takahashi Mai	OWNER	2026-05-06 22:07:05.238232+07	2026-05-06 22:07:05.238232+07
10000000-0000-0000-0000-000000000010	owner10@cafework.com	hashed_pwd_123	Hoàng Văn Em	OWNER	2026-05-06 22:07:05.238232+07	2026-05-06 22:07:05.238232+07
20000000-0000-0000-0000-000000000001	user1@test.com	hashed_pwd_456	ゲストユーザー 1	USER	2026-05-06 22:07:05.238232+07	2026-05-06 22:07:05.238232+07
20000000-0000-0000-0000-000000000002	user2@test.com	hashed_pwd_456	Guest User 2	USER	2026-05-06 22:07:05.238232+07	2026-05-06 22:07:05.238232+07
20000000-0000-0000-0000-000000000003	user3@test.com	hashed_pwd_456	ゲストユーザー 3	USER	2026-05-06 22:07:05.238232+07	2026-05-06 22:07:05.238232+07
20000000-0000-0000-0000-000000000004	user4@test.com	hashed_pwd_456	Guest User 4	USER	2026-05-06 22:07:05.238232+07	2026-05-06 22:07:05.238232+07
20000000-0000-0000-0000-000000000005	user5@test.com	hashed_pwd_456	ゲストユーザー 5	USER	2026-05-06 22:07:05.238232+07	2026-05-06 22:07:05.238232+07
20000000-0000-0000-0000-000000000006	user6@test.com	hashed_pwd_456	Guest User 6	USER	2026-05-06 22:07:05.238232+07	2026-05-06 22:07:05.238232+07
20000000-0000-0000-0000-000000000007	user7@test.com	hashed_pwd_456	ゲストユーザー 7	USER	2026-05-06 22:07:05.238232+07	2026-05-06 22:07:05.238232+07
20000000-0000-0000-0000-000000000008	user8@test.com	hashed_pwd_456	Guest User 8	USER	2026-05-06 22:07:05.238232+07	2026-05-06 22:07:05.238232+07
20000000-0000-0000-0000-000000000009	user9@test.com	hashed_pwd_456	ゲストユーザー 9	USER	2026-05-06 22:07:05.238232+07	2026-05-06 22:07:05.238232+07
20000000-0000-0000-0000-000000000010	user10@test.com	hashed_pwd_456	Guest User 10	USER	2026-05-06 22:07:05.238232+07	2026-05-06 22:07:05.238232+07
20000000-0000-0000-0000-000000000011	user11@test.com	hashed_pwd_456	ゲストユーザー 11	USER	2026-05-06 22:07:05.238232+07	2026-05-06 22:07:05.238232+07
20000000-0000-0000-0000-000000000012	user12@test.com	hashed_pwd_456	Guest User 12	USER	2026-05-06 22:07:05.238232+07	2026-05-06 22:07:05.238232+07
20000000-0000-0000-0000-000000000013	user13@test.com	hashed_pwd_456	ゲストユーザー 13	USER	2026-05-06 22:07:05.238232+07	2026-05-06 22:07:05.238232+07
20000000-0000-0000-0000-000000000014	user14@test.com	hashed_pwd_456	Guest User 14	USER	2026-05-06 22:07:05.238232+07	2026-05-06 22:07:05.238232+07
20000000-0000-0000-0000-000000000015	user15@test.com	hashed_pwd_456	ゲストユーザー 15	USER	2026-05-06 22:07:05.238232+07	2026-05-06 22:07:05.238232+07
20000000-0000-0000-0000-000000000016	user16@test.com	hashed_pwd_456	Guest User 16	USER	2026-05-06 22:07:05.238232+07	2026-05-06 22:07:05.238232+07
20000000-0000-0000-0000-000000000017	user17@test.com	hashed_pwd_456	ゲストユーザー 17	USER	2026-05-06 22:07:05.238232+07	2026-05-06 22:07:05.238232+07
20000000-0000-0000-0000-000000000018	user18@test.com	hashed_pwd_456	Guest User 18	USER	2026-05-06 22:07:05.238232+07	2026-05-06 22:07:05.238232+07
20000000-0000-0000-0000-000000000019	user19@test.com	hashed_pwd_456	ゲストユーザー 19	USER	2026-05-06 22:07:05.238232+07	2026-05-06 22:07:05.238232+07
20000000-0000-0000-0000-000000000020	user20@test.com	hashed_pwd_456	Guest User 20	USER	2026-05-06 22:07:05.238232+07	2026-05-06 22:07:05.238232+07
20000000-0000-0000-0000-000000000021	user21@test.com	hashed_pwd_456	ゲストユーザー 21	USER	2026-05-06 22:07:05.238232+07	2026-05-06 22:07:05.238232+07
20000000-0000-0000-0000-000000000022	user22@test.com	hashed_pwd_456	Guest User 22	USER	2026-05-06 22:07:05.238232+07	2026-05-06 22:07:05.238232+07
20000000-0000-0000-0000-000000000023	user23@test.com	hashed_pwd_456	ゲストユーザー 23	USER	2026-05-06 22:07:05.238232+07	2026-05-06 22:07:05.238232+07
20000000-0000-0000-0000-000000000024	user24@test.com	hashed_pwd_456	Guest User 24	USER	2026-05-06 22:07:05.238232+07	2026-05-06 22:07:05.238232+07
20000000-0000-0000-0000-000000000025	user25@test.com	hashed_pwd_456	ゲストユーザー 25	USER	2026-05-06 22:07:05.238232+07	2026-05-06 22:07:05.238232+07
20000000-0000-0000-0000-000000000026	user26@test.com	hashed_pwd_456	Guest User 26	USER	2026-05-06 22:07:05.238232+07	2026-05-06 22:07:05.238232+07
20000000-0000-0000-0000-000000000027	user27@test.com	hashed_pwd_456	ゲストユーザー 27	USER	2026-05-06 22:07:05.238232+07	2026-05-06 22:07:05.238232+07
20000000-0000-0000-0000-000000000028	user28@test.com	hashed_pwd_456	Guest User 28	USER	2026-05-06 22:07:05.238232+07	2026-05-06 22:07:05.238232+07
20000000-0000-0000-0000-000000000029	user29@test.com	hashed_pwd_456	ゲストユーザー 29	USER	2026-05-06 22:07:05.238232+07	2026-05-06 22:07:05.238232+07
20000000-0000-0000-0000-000000000030	user30@test.com	hashed_pwd_456	Guest User 30	USER	2026-05-06 22:07:05.238232+07	2026-05-06 22:07:05.238232+07
20000000-0000-0000-0000-000000000031	user31@test.com	hashed_pwd_456	ゲストユーザー 31	USER	2026-05-06 22:07:05.238232+07	2026-05-06 22:07:05.238232+07
20000000-0000-0000-0000-000000000032	user32@test.com	hashed_pwd_456	Guest User 32	USER	2026-05-06 22:07:05.238232+07	2026-05-06 22:07:05.238232+07
20000000-0000-0000-0000-000000000033	user33@test.com	hashed_pwd_456	ゲストユーザー 33	USER	2026-05-06 22:07:05.238232+07	2026-05-06 22:07:05.238232+07
20000000-0000-0000-0000-000000000034	user34@test.com	hashed_pwd_456	Guest User 34	USER	2026-05-06 22:07:05.238232+07	2026-05-06 22:07:05.238232+07
20000000-0000-0000-0000-000000000035	user35@test.com	hashed_pwd_456	ゲストユーザー 35	USER	2026-05-06 22:07:05.238232+07	2026-05-06 22:07:05.238232+07
20000000-0000-0000-0000-000000000036	user36@test.com	hashed_pwd_456	Guest User 36	USER	2026-05-06 22:07:05.238232+07	2026-05-06 22:07:05.238232+07
20000000-0000-0000-0000-000000000037	user37@test.com	hashed_pwd_456	ゲストユーザー 37	USER	2026-05-06 22:07:05.238232+07	2026-05-06 22:07:05.238232+07
20000000-0000-0000-0000-000000000038	user38@test.com	hashed_pwd_456	Guest User 38	USER	2026-05-06 22:07:05.238232+07	2026-05-06 22:07:05.238232+07
20000000-0000-0000-0000-000000000039	user39@test.com	hashed_pwd_456	ゲストユーザー 39	USER	2026-05-06 22:07:05.238232+07	2026-05-06 22:07:05.238232+07
20000000-0000-0000-0000-000000000040	user40@test.com	hashed_pwd_456	Guest User 40	USER	2026-05-06 22:07:05.238232+07	2026-05-06 22:07:05.238232+07
20000000-0000-0000-0000-000000000041	user41@test.com	hashed_pwd_456	ゲストユーザー 41	USER	2026-05-06 22:07:05.238232+07	2026-05-06 22:07:05.238232+07
20000000-0000-0000-0000-000000000042	user42@test.com	hashed_pwd_456	Guest User 42	USER	2026-05-06 22:07:05.238232+07	2026-05-06 22:07:05.238232+07
20000000-0000-0000-0000-000000000043	user43@test.com	hashed_pwd_456	ゲストユーザー 43	USER	2026-05-06 22:07:05.238232+07	2026-05-06 22:07:05.238232+07
20000000-0000-0000-0000-000000000044	user44@test.com	hashed_pwd_456	Guest User 44	USER	2026-05-06 22:07:05.238232+07	2026-05-06 22:07:05.238232+07
20000000-0000-0000-0000-000000000045	user45@test.com	hashed_pwd_456	ゲストユーザー 45	USER	2026-05-06 22:07:05.238232+07	2026-05-06 22:07:05.238232+07
20000000-0000-0000-0000-000000000046	user46@test.com	hashed_pwd_456	Guest User 46	USER	2026-05-06 22:07:05.238232+07	2026-05-06 22:07:05.238232+07
20000000-0000-0000-0000-000000000047	user47@test.com	hashed_pwd_456	ゲストユーザー 47	USER	2026-05-06 22:07:05.238232+07	2026-05-06 22:07:05.238232+07
20000000-0000-0000-0000-000000000048	user48@test.com	hashed_pwd_456	Guest User 48	USER	2026-05-06 22:07:05.238232+07	2026-05-06 22:07:05.238232+07
20000000-0000-0000-0000-000000000049	user49@test.com	hashed_pwd_456	ゲストユーザー 49	USER	2026-05-06 22:07:05.238232+07	2026-05-06 22:07:05.238232+07
20000000-0000-0000-0000-000000000050	user50@test.com	hashed_pwd_456	Guest User 50	USER	2026-05-06 22:07:05.238232+07	2026-05-06 22:07:05.238232+07
\.

--
-- TOC entry 4704 (class 2606 OID 21224)
-- Name: bookmarks bookmarks_pkey; Type: CONSTRAINT; Schema: public; Owner: postgres
--

ALTER TABLE ONLY public.bookmarks
ADD CONSTRAINT bookmarks_pkey PRIMARY KEY (user_id, cafe_id);

--
-- TOC entry 4698 (class 2606 OID 21178)
-- Name: cafe_images cafe_images_pkey; Type: CONSTRAINT; Schema: public; Owner: postgres
--

ALTER TABLE ONLY public.cafe_images
ADD CONSTRAINT cafe_images_pkey PRIMARY KEY (id);

--
-- TOC entry 4696 (class 2606 OID 21164)
-- Name: cafes cafes_pkey; Type: CONSTRAINT; Schema: public; Owner: postgres
--

ALTER TABLE ONLY public.cafes
ADD CONSTRAINT cafes_pkey PRIMARY KEY (id);

--
-- TOC entry 4700 (class 2606 OID 21192)
-- Name: coupons coupons_pkey; Type: CONSTRAINT; Schema: public; Owner: postgres
--

ALTER TABLE ONLY public.coupons
ADD CONSTRAINT coupons_pkey PRIMARY KEY (id);

--
-- TOC entry 4708 (class 2606 OID 21256)
-- Name: otps otps_pkey; Type: CONSTRAINT; Schema: public; Owner: postgres
--

ALTER TABLE ONLY public.otps
ADD CONSTRAINT otps_pkey PRIMARY KEY (id);

--
-- TOC entry 4702 (class 2606 OID 21208)
-- Name: reviews reviews_pkey; Type: CONSTRAINT; Schema: public; Owner: postgres
--

ALTER TABLE ONLY public.reviews
ADD CONSTRAINT reviews_pkey PRIMARY KEY (id);

--
-- TOC entry 4706 (class 2606 OID 21243)
-- Name: search_histories search_histories_pkey; Type: CONSTRAINT; Schema: public; Owner: postgres
--

ALTER TABLE ONLY public.search_histories
ADD CONSTRAINT search_histories_pkey PRIMARY KEY (id);

--
-- TOC entry 4692 (class 2606 OID 21152)
-- Name: users users_email_key; Type: CONSTRAINT; Schema: public; Owner: postgres
--

ALTER TABLE ONLY public.users
ADD CONSTRAINT users_email_key UNIQUE (email);

--
-- TOC entry 4694 (class 2606 OID 21150)
-- Name: users users_pkey; Type: CONSTRAINT; Schema: public; Owner: postgres
--

ALTER TABLE ONLY public.users
ADD CONSTRAINT users_pkey PRIMARY KEY (id);

--
-- TOC entry 4714 (class 2606 OID 21230)
-- Name: bookmarks bookmarks_cafe_id_fkey; Type: FK CONSTRAINT; Schema: public; Owner: postgres
--

ALTER TABLE ONLY public.bookmarks
ADD CONSTRAINT bookmarks_cafe_id_fkey FOREIGN KEY (cafe_id) REFERENCES public.cafes (id) ON DELETE CASCADE;

--
-- TOC entry 4715 (class 2606 OID 21225)
-- Name: bookmarks bookmarks_user_id_fkey; Type: FK CONSTRAINT; Schema: public; Owner: postgres
--

ALTER TABLE ONLY public.bookmarks
ADD CONSTRAINT bookmarks_user_id_fkey FOREIGN KEY (user_id) REFERENCES public.users (id) ON DELETE CASCADE;

--
-- TOC entry 4710 (class 2606 OID 21179)
-- Name: cafe_images cafe_images_cafe_id_fkey; Type: FK CONSTRAINT; Schema: public; Owner: postgres
--

ALTER TABLE ONLY public.cafe_images
ADD CONSTRAINT cafe_images_cafe_id_fkey FOREIGN KEY (cafe_id) REFERENCES public.cafes (id) ON DELETE CASCADE;

--
-- TOC entry 4709 (class 2606 OID 21165)
-- Name: cafes cafes_owner_id_fkey; Type: FK CONSTRAINT; Schema: public; Owner: postgres
--

ALTER TABLE ONLY public.cafes
ADD CONSTRAINT cafes_owner_id_fkey FOREIGN KEY (owner_id) REFERENCES public.users (id) ON DELETE CASCADE;

--
-- TOC entry 4711 (class 2606 OID 21193)
-- Name: coupons coupons_cafe_id_fkey; Type: FK CONSTRAINT; Schema: public; Owner: postgres
--

ALTER TABLE ONLY public.coupons
ADD CONSTRAINT coupons_cafe_id_fkey FOREIGN KEY (cafe_id) REFERENCES public.cafes (id) ON DELETE CASCADE;

--
-- TOC entry 4712 (class 2606 OID 21214)
-- Name: reviews reviews_cafe_id_fkey; Type: FK CONSTRAINT; Schema: public; Owner: postgres
--

ALTER TABLE ONLY public.reviews
ADD CONSTRAINT reviews_cafe_id_fkey FOREIGN KEY (cafe_id) REFERENCES public.cafes (id) ON DELETE CASCADE;

--
-- TOC entry 4713 (class 2606 OID 21209)
-- Name: reviews reviews_user_id_fkey; Type: FK CONSTRAINT; Schema: public; Owner: postgres
--

ALTER TABLE ONLY public.reviews
ADD CONSTRAINT reviews_user_id_fkey FOREIGN KEY (user_id) REFERENCES public.users (id) ON DELETE CASCADE;

--
-- TOC entry 4716 (class 2606 OID 21244)
-- Name: search_histories search_histories_user_id_fkey; Type: FK CONSTRAINT; Schema: public; Owner: postgres
--

ALTER TABLE ONLY public.search_histories
ADD CONSTRAINT search_histories_user_id_fkey FOREIGN KEY (user_id) REFERENCES public.users (id) ON DELETE CASCADE;

-- Completed on 2026-05-06 22:14:25

--
-- PostgreSQL database dump complete
--